day_of_week,avg_checkins
Sun,27.182189739431525
Sat,26.939554277498203
Fri,19.0421178483252
Thu,16.152257314862116
Mon,15.836717580749594
Wed,15.653589595199659
Tue,15.058639142942578
